{
    "Step 1-Install The Supported Addons You Use Here": {
        "icon": "https://kodiapps.com/sharex/dllhost_2020-02-05_12-07-32.jpg",
        "items": [
            {
                "name": "Install AURAMediaFlix (DEBRID ONLY)",
                "url": "installaddon(plugin.video.afm)"
            },
            {
                "name": "Install FEN (DEBRID ONLY)",
                "url": "installaddon(plugin.video.fen)"
            },
            {
                "name": "Install Umbrella (DEBRID ONLY)",
                "url": "installaddon(plugin.video.umbrella)"
            },
            {
                "name": "Install POV (DEBRID ONLY)",
                "url": "installaddon(plugin.video.pov)"
            },
            {
                "name": "Install Absolution (DEBRID ONLY)",
                "url": "installaddon(plugin.video.absolution)"
            },
            {
                "name": "Install Shadow (DEBRID ONLY)",
                "url": "installaddon(plugin.video.shadow)"
            },
            {
                "name": "Install Ghost (DEBRID ONLY)",
                "url": "installaddon(plugin.video.ghost)"
            },
            {
                "name": "Install Unleashed (DEBRID ONLY)",
                "url": "installaddon(plugin.video.unleashed)"
            },
            {
                "name": "Install Base 19 (DEBRID ONLY)",
                "url": "installaddon(plugin.video.base19)"
            },
            {
                "name": "Install Realizer (DEBRID ONLY)",
                "url": "installaddon(plugin.video.realizerx)"
            },
            {
                "name": "Install Premiumizer (DEBRID ONLY)",
                "url": "installaddon(plugin.video.premiumizerx)"
            },
            {
                "name": "Install Scrubs V2 (FREE)",
                "url": "installaddon(plugin.video.scrubsv2)"
            },
            {
                "name": "Install Homelander (FREE AND DEBRID)",
                "url": "installaddon(plugin.video.homelander)"
            },
            {
                "name": "Install The Crew (FREE AND DEBRID)",
                "url": "installaddon(plugin.video.thecrew)"
            },
            {
                "name": "Install Quicksilver (FREE AND DEBRID)",
                "url": "installaddon(plugin.video.quicksilver)"
            },
            {
                "name": "Install Shazam (FREE AND DEBRID)",
                "url": "installaddon(plugin.video.shazam)"
            },
            {
                "name": "Install Magic Dragon (FREE AND DEBRID)",
                "url": "installaddon(plugin.video.magicdragon)"
            },
            {
                "name": "Install Asgard (FREE AND DEBRID)",
                "url": "installaddon(plugin.video.asgard)"
            }
        ]
    },
    "Trakt And Debrid Account Manager": {
        "icon": "https://techwiser.com/wp-content/uploads/2020/09/trakt-logo.png",
        "items": [
            {
                "name": "Authenticate Real Debrid",
                "url": "RunScript(script.module.accountmgr, action=realdebridAuth)"
            },
            {
                "name": "Authenticate Premiumize",
                "url": "RunScript(script.module.accountmgr, action=premiumizeAuth)"
            },
            {
                "name": "Authenticate All Debrid",
                "url": "RunScript(script.module.accountmgr, action=alldebridAuth)"
            },
            {
                "name": "Authenticate TRAKT",
                "url": "RunScript(script.module.accountmgr, action=traktAuth)"
            },
            {
                "name": "Re-Sync Debrid Accounts",
                "url": "RunScript(script.module.accountmgr, action=ReSyncAll)"
            },
            {
                "name": "Re-Sync TRAKT Accounts",
                "url": "RunScript(script.module.accountmgr, action=traktReSync)"
            },
            {
                "name": "View Real Debrid logins",
                "url": "ActivateWindow(10001,plugin://script.module.acctview/?mode=realdebrid,return)"
            },
            {
                "name": "View Premiumize logins",
                "url": "ActivateWindow(10001,plugin://script.module.acctview/?mode=premiumize,return)"
            },
            {
                "name": "View All-Debrid Logins",
                "url": "ActivateWindow(10001,plugin://script.module.acctview/?mode=alldebrid,return)"
            },
            {
                "name": "View Trakt Logins",
                "url": "ActivateWindow(10001,plugin://script.module.acctview/?mode=trakt,return)"
            },
            {
                "name": "Open Account Manager",
                "url": "addon.opensettings(script.module.accountmgr)"
            }
        ]
    }
}