{
    "favourites.xml": {
        "name": "Favourites",
        "setting": "savefavs",
        "path": "user_path"
    },
    "advancedsettings.xml": {
        "name": "Advanced Settings",
        "setting": "saveadvanced",
        "path": "user_path"
    },
    "plugin.program.auraflix.omega": {
        "name": "AURAFlix Wizard",
        "setting": "savedata",
        "path": "data_path"
    },
    "script.module.accountmgr": {
        "name": "Account Manager",
        "setting": "savedata",
        "path": "data_path"
    },
    "plugin.video.youtube": {
        "name": "YouTube",
        "setting": "saveyoutube",
        "path": "data_path"
    },
    "weather.multi": {
        "name": "Multi Weather",
        "setting": "savemultiweather",
        "path": "data_path"
    },
    "weather.gismeteo": {
        "name": "Gismeteo Weather",
        "setting": "savegismeteoweather",
        "path": "data_path"
    }
}