<?xml version="1.0" encoding="UTF-8" standalone="yes"?>
<addon id="repository.auraflix" name="[COLOR red]AURAFlix[/COLOR]" version="1.3" provider-name="blry">
    <extension point="xbmc.addon.repository" name="Example Repository">
        <dir>
            <info compressed="false">https://raw.githubusercontent.com/blry12/auraflix/master/repo/zips/addons.xml</info>
            <checksum>https://raw.githubusercontent.com/blry12/auraflix/master/repo/zips/addons.xml.md5</checksum>
            <datadir zip="true">https://raw.githubusercontent.com/blry12/auraflix/master/repo/zips/</datadir>
        </dir>
    </extension>
    <extension point="xbmc.addon.metadata">
        <summary>AURAFlix</summary>
        <description>Repo for the AURAFlix Wizard</description>
        <disclaimer></disclaimer>
        <platform>all</platform>
        <assets>
            <icon>icon.png</icon>
            <fanart>fanart.jpg</fanart>
        </assets>
    </extension>
</addon>